id,username,email,created_at
1,warmmeadow94,warmmeadow94@seeded.app,2024-10-28 04:53:11
2,proudjourney15,proudjourney15@opswise.net,2025-09-15 13:11:10
3,opalgarden81,opalgarden81@opswise.net,2024-09-08 10:51:27
4,silvertrail28,silvertrail28@example.com,2025-10-29 16:56:24
5,opalorbit02,opalorbit02@example.com,2024-03-17 22:01:14
6,calmriver35,calmriver35@acme.dev,2024-07-16 10:31:40
7,livelycanyon70,livelycanyon70@opswise.net,2024-04-02 08:10:21
8,forestharvest40,forestharvest40@seeded.app,2025-02-23 20:33:25
9,forestharvest09,forestharvest09@example.com,2026-02-01 04:30:33
10,mellowpioneer01,mellowpioneer01@hackstack.io,2025-07-21 15:52:17
11,mellowvalley08,mellowvalley08@seeded.app,2024-03-15 08:39:29
12,keengarden59,keengarden59@hackstack.io,2025-11-19 02:09:49
13,urbanharvest50,urbanharvest50@seeded.app,2025-06-11 17:14:22
14,emberwindow58,emberwindow58@acme.dev,2025-10-15 16:47:25
15,golddelta79,golddelta79@example.com,2025-02-28 01:01:29
16,embertrail69,embertrail69@hackstack.io,2025-12-26 13:18:24
17,rapidpioneer24,rapidpioneer24@opswise.net,2026-01-04 06:50:07
18,cleardelta80,cleardelta80@seeded.app,2026-01-28 14:07:44
19,tidyfield25,tidyfield25@seeded.app,2024-06-17 08:53:14
20,proudbeacon74,proudbeacon74@opswise.net,2025-04-27 10:34:18
21,livelyjourney98,livelyjourney98@acme.dev,2024-11-11 01:59:22
22,cobaltnetwork64,cobaltnetwork64@relay.cloud,2024-04-29 05:13:25
23,rapidsignal60,rapidsignal60@relay.cloud,2024-11-14 13:58:26
24,embersignal07,embersignal07@opswise.net,2024-06-11 17:04:40
25,jadezenith80,jadezenith80@example.com,2025-07-30 12:36:08
26,calmuplink94,calmuplink94@seeded.app,2025-01-21 20:35:25
27,calmsignal70,calmsignal70@opswise.net,2025-04-27 00:26:09
28,keenfield51,keenfield51@hackstack.io,2025-04-05 21:39:58
29,silvergarden79,silvergarden79@seeded.app,2025-08-18 06:44:44
30,harboryard44,harboryard44@seeded.app,2025-05-14 05:15:16
31,embergarden73,embergarden73@opswise.net,2025-06-03 19:22:47
32,vividengine31,vividengine31@relay.cloud,2024-01-09 16:44:00
33,tidyriver26,tidyriver26@relay.cloud,2024-12-20 09:50:51
34,harbormeadow86,harbormeadow86@acme.dev,2024-09-24 05:57:20
35,goldlagoon58,goldlagoon58@seeded.app,2024-05-02 01:35:40
36,navydelta55,navydelta55@acme.dev,2024-06-23 14:41:09
37,navylagoon47,navylagoon47@acme.dev,2024-04-30 12:16:08
38,dawntrail25,dawntrail25@opswise.net,2024-02-07 21:24:43
39,warmnetwork59,warmnetwork59@relay.cloud,2025-05-31 14:55:52
40,calmwindow90,calmwindow90@opswise.net,2025-10-11 03:23:45
41,harboruplink18,harboruplink18@acme.dev,2025-06-09 18:10:23
42,urbanuplink35,urbanuplink35@example.com,2024-09-20 19:53:06
43,younggarden77,younggarden77@relay.cloud,2024-06-15 14:44:59
44,proudlagoon31,proudlagoon31@example.com,2024-06-07 18:18:25
45,calmuplink08,calmuplink08@relay.cloud,2025-04-17 14:11:31
46,jadepioneer00,jadepioneer00@seeded.app,2025-10-27 15:41:25
47,opalcanyon70,opalcanyon70@opswise.net,2024-11-18 23:12:45
48,warmvalley88,warmvalley88@hackstack.io,2025-05-21 00:41:40
49,calmzenith85,calmzenith85@relay.cloud,2024-12-18 04:09:59
50,amberanchor01,amberanchor01@opswise.net,2025-08-18 20:58:53
51,harbornetwork67,harbornetwork67@opswise.net,2024-12-13 07:18:03
52,cobaltorbit58,cobaltorbit58@opswise.net,2024-05-27 13:54:58
53,quietnetwork61,quietnetwork61@opswise.net,2024-05-12 21:02:56
54,dawnuplink07,dawnuplink07@seeded.app,2024-02-01 06:28:12
55,jadenetwork00,jadenetwork00@seeded.app,2025-01-21 19:40:50
56,rapidtrail99,rapidtrail99@acme.dev,2025-11-24 16:00:59
57,livelyquartz43,livelyquartz43@relay.cloud,2025-11-11 15:42:13
58,quietnetwork83,quietnetwork83@seeded.app,2025-02-06 21:37:01
59,emberjourney32,emberjourney32@relay.cloud,2024-08-11 00:59:49
60,rapidyard99,rapidyard99@opswise.net,2024-02-03 18:31:27
61,dawnwindow15,dawnwindow15@opswise.net,2024-04-24 04:55:24
62,forestlagoon31,forestlagoon31@opswise.net,2024-08-28 22:59:26
63,opalsignal27,opalsignal27@opswise.net,2025-07-24 14:17:58
64,harboruplink33,harboruplink33@acme.dev,2025-04-10 14:54:52
65,calmkernel08,calmkernel08@hackstack.io,2025-07-21 13:03:15
66,silverlagoon73,silverlagoon73@opswise.net,2026-01-11 21:35:55
67,amberpioneer38,amberpioneer38@acme.dev,2024-08-17 21:48:59
68,tidyuplink10,tidyuplink10@opswise.net,2024-08-31 12:00:59
69,proudengine75,proudengine75@acme.dev,2025-06-01 13:02:49
70,clearisland83,clearisland83@opswise.net,2025-12-29 06:51:34
71,goldtrail93,goldtrail93@acme.dev,2026-01-14 19:46:10
72,tidywindow50,tidywindow50@relay.cloud,2024-08-12 05:45:17
73,harbornetwork69,harbornetwork69@acme.dev,2025-08-01 05:34:58
74,urbanuplink30,urbanuplink30@relay.cloud,2024-04-27 21:50:59
75,urbanisland12,urbanisland12@acme.dev,2024-10-17 17:44:53
76,livelyvalley17,livelyvalley17@opswise.net,2025-12-03 04:25:00
77,mellowtrail07,mellowtrail07@opswise.net,2024-11-14 04:49:46
78,dawnuplink93,dawnuplink93@opswise.net,2024-02-05 19:24:48
79,youngyard44,youngyard44@acme.dev,2025-02-11 11:27:48
80,cobaltwindow94,cobaltwindow94@opswise.net,2024-03-29 03:56:22
81,calmnetwork65,calmnetwork65@relay.cloud,2024-05-01 06:52:16
82,ivoryharvest17,ivoryharvest17@relay.cloud,2024-06-21 02:48:31
83,harborgarden09,harborgarden09@hackstack.io,2025-02-21 21:46:56
84,keenvalley56,keenvalley56@example.com,2024-08-14 17:36:54
85,vividyard60,vividyard60@acme.dev,2025-07-13 23:20:48
86,dawnmeadow16,dawnmeadow16@opswise.net,2025-06-10 16:30:18
87,mellowuplink47,mellowuplink47@seeded.app,2025-05-15 12:27:32
88,calmtrail43,calmtrail43@opswise.net,2024-10-18 23:01:04
89,dawnharvest19,dawnharvest19@hackstack.io,2026-01-01 22:38:04
90,forestcanyon11,forestcanyon11@hackstack.io,2025-12-24 10:40:23
91,keenanchor08,keenanchor08@hackstack.io,2025-12-30 10:56:33
92,opalcanyon20,opalcanyon20@acme.dev,2025-03-09 07:05:20
93,dawnzenith34,dawnzenith34@example.com,2025-03-30 04:11:24
94,tidyyard55,tidyyard55@relay.cloud,2025-04-19 08:33:38
95,navysignal77,navysignal77@example.com,2024-11-03 07:40:47
96,briskjourney28,briskjourney28@relay.cloud,2025-03-16 05:33:24
97,briskpioneer59,briskpioneer59@acme.dev,2025-05-18 15:54:20
98,ivorylagoon80,ivorylagoon80@acme.dev,2024-04-11 04:52:30
99,clearcanyon09,clearcanyon09@relay.cloud,2024-03-14 21:15:41
100,jadeisland75,jadeisland75@acme.dev,2025-11-08 15:47:19
101,calmcanyon66,calmcanyon66@seeded.app,2024-01-23 03:46:16
102,rapidvalley20,rapidvalley20@acme.dev,2025-09-20 14:28:21
103,harborengine13,harborengine13@relay.cloud,2024-10-08 12:11:00
104,keenkernel85,keenkernel85@acme.dev,2025-10-20 20:50:58
105,mellownetwork12,mellownetwork12@seeded.app,2025-03-14 18:46:39
106,cobaltquartz72,cobaltquartz72@acme.dev,2024-02-26 21:13:16
107,goldquartz07,goldquartz07@seeded.app,2024-02-10 11:59:19
108,prouduplink21,prouduplink21@acme.dev,2024-01-06 16:10:48
109,forestuplink34,forestuplink34@relay.cloud,2025-05-31 20:30:58
110,dawngarden74,dawngarden74@hackstack.io,2025-05-25 17:56:56
111,opalnetwork30,opalnetwork30@relay.cloud,2024-06-09 20:50:13
112,opalquartz61,opalquartz61@relay.cloud,2024-11-14 00:40:55
113,livelyharvest13,livelyharvest13@hackstack.io,2025-08-02 14:19:30
114,cobaltzenith15,cobaltzenith15@opswise.net,2024-03-17 09:47:16
115,forestmeadow06,forestmeadow06@acme.dev,2025-12-02 18:13:39
116,forestdelta41,forestdelta41@example.com,2025-08-26 15:58:37
117,opalbeacon18,opalbeacon18@opswise.net,2024-06-20 22:44:24
118,harborriver29,harborriver29@seeded.app,2025-05-14 04:59:37
119,briskfield35,briskfield35@acme.dev,2024-08-02 03:19:14
120,clearorbit80,clearorbit80@relay.cloud,2024-12-04 22:40:33
121,rapidnetwork20,rapidnetwork20@relay.cloud,2025-01-13 17:22:10
122,opalquartz80,opalquartz80@acme.dev,2024-07-03 20:33:24
123,goldlagoon19,goldlagoon19@example.com,2024-02-18 12:49:51
124,briskpioneer03,briskpioneer03@opswise.net,2024-11-05 04:08:32
125,mellowvalley50,mellowvalley50@example.com,2024-09-10 09:30:14
126,goldlagoon23,goldlagoon23@seeded.app,2025-08-30 16:53:08
127,golduplink57,golduplink57@seeded.app,2025-05-08 22:16:15
128,forestnetwork57,forestnetwork57@opswise.net,2025-11-02 10:33:40
129,ambertrail26,ambertrail26@opswise.net,2024-06-25 15:07:38
130,cobaltyard71,cobaltyard71@opswise.net,2025-01-13 23:22:02
131,briskzenith34,briskzenith34@relay.cloud,2024-05-06 21:12:15
132,ivoryuplink26,ivoryuplink26@opswise.net,2024-12-31 17:44:29
133,ivoryharvest98,ivoryharvest98@relay.cloud,2025-04-27 08:42:55
134,keennetwork15,keennetwork15@opswise.net,2024-02-05 23:45:56
135,emberuplink05,emberuplink05@hackstack.io,2024-11-20 13:52:34
136,prouduplink71,prouduplink71@seeded.app,2025-12-23 11:38:39
137,calmnetwork05,calmnetwork05@example.com,2025-04-08 23:57:58
138,urbanyard89,urbanyard89@hackstack.io,2025-09-12 09:01:44
139,amberfield00,amberfield00@acme.dev,2024-06-22 23:58:27
140,forestnetwork80,forestnetwork80@relay.cloud,2025-06-10 13:04:12
141,opalbeacon22,opalbeacon22@example.com,2025-05-29 07:38:46
142,jadegarden45,jadegarden45@opswise.net,2024-04-29 22:07:49
143,dawnjourney01,dawnjourney01@relay.cloud,2024-07-07 13:47:14
144,warmkernel94,warmkernel94@hackstack.io,2024-07-22 13:02:52
145,rapidorbit13,rapidorbit13@relay.cloud,2024-06-05 20:10:24
146,livelycanyon11,livelycanyon11@acme.dev,2025-04-26 09:18:33
147,quietjourney60,quietjourney60@opswise.net,2025-06-19 23:56:03
148,dawnanchor66,dawnanchor66@hackstack.io,2025-01-28 06:09:11
149,amberdelta58,amberdelta58@acme.dev,2026-02-01 06:12:13
150,livelycanyon37,livelycanyon37@relay.cloud,2025-08-17 19:15:01
151,tidygarden99,tidygarden99@hackstack.io,2026-01-30 20:55:44
152,warmkernel94,warmkernel94@seeded.app,2024-02-22 14:33:05
153,jademeadow08,jademeadow08@example.com,2024-09-17 01:52:42
154,calmuplink10,calmuplink10@acme.dev,2025-03-10 05:05:17
155,silvertrail13,silvertrail13@acme.dev,2024-09-27 00:16:07
156,proudzenith26,proudzenith26@example.com,2025-08-09 09:34:11
157,silveruplink63,silveruplink63@seeded.app,2025-03-27 08:01:33
158,calmsignal75,calmsignal75@relay.cloud,2025-03-06 08:49:56
159,warmdelta03,warmdelta03@seeded.app,2024-11-06 18:47:26
160,tidygarden00,tidygarden00@relay.cloud,2024-01-12 09:00:06
161,warmuplink31,warmuplink31@opswise.net,2024-10-04 21:27:42
162,proudpioneer94,proudpioneer94@relay.cloud,2025-09-15 19:10:26
163,livelyriver02,livelyriver02@opswise.net,2024-09-05 23:49:38
164,urbanyard43,urbanyard43@hackstack.io,2025-11-23 06:17:39
165,dawncanyon45,dawncanyon45@opswise.net,2024-06-10 11:59:51
166,briskdelta69,briskdelta69@acme.dev,2025-04-28 10:20:15
167,mellowcanyon54,mellowcanyon54@opswise.net,2025-10-22 22:35:49
168,youngwindow91,youngwindow91@example.com,2025-04-28 01:39:33
169,clearanchor75,clearanchor75@acme.dev,2025-04-11 15:35:46
170,cleardelta00,cleardelta00@seeded.app,2025-01-06 18:32:33
171,youngnetwork53,youngnetwork53@acme.dev,2025-11-29 15:23:23
172,silverriver99,silverriver99@opswise.net,2024-01-09 00:50:47
173,harboranchor35,harboranchor35@example.com,2024-11-08 07:38:00
174,clearbeacon74,clearbeacon74@relay.cloud,2024-06-07 11:49:35
175,tidyisland20,tidyisland20@opswise.net,2025-03-20 03:22:23
176,clearisland36,clearisland36@opswise.net,2025-02-22 08:07:52
177,emberbeacon45,emberbeacon45@example.com,2025-10-21 13:23:54
178,ivorywindow15,ivorywindow15@opswise.net,2024-12-19 15:47:00
179,opalbeacon72,opalbeacon72@relay.cloud,2026-01-05 08:10:18
180,calmlagoon99,calmlagoon99@opswise.net,2025-03-24 03:26:44
181,calmjourney35,calmjourney35@example.com,2024-02-19 07:06:37
182,urbanriver42,urbanriver42@opswise.net,2024-05-26 23:57:36
183,amberlagoon09,amberlagoon09@opswise.net,2024-08-11 12:41:19
184,vividtrail05,vividtrail05@hackstack.io,2024-04-08 20:04:19
185,vividriver32,vividriver32@relay.cloud,2024-03-27 12:50:55
186,proudvalley01,proudvalley01@relay.cloud,2024-03-18 11:48:40
187,goldwindow60,goldwindow60@seeded.app,2024-08-29 05:47:02
188,tidytrail64,tidytrail64@example.com,2024-11-08 12:08:07
189,forestjourney43,forestjourney43@hackstack.io,2024-01-08 07:45:00
190,dawnyard24,dawnyard24@seeded.app,2024-10-17 02:37:19
191,ivoryharvest16,ivoryharvest16@hackstack.io,2024-01-12 21:46:13
192,ivoryorbit19,ivoryorbit19@hackstack.io,2025-03-27 08:11:26
193,clearorbit99,clearorbit99@opswise.net,2024-09-21 12:19:51
194,harborjourney44,harborjourney44@seeded.app,2024-10-31 23:09:32
195,navywindow25,navywindow25@opswise.net,2024-06-07 17:15:03
196,clearcanyon91,clearcanyon91@opswise.net,2025-07-25 02:54:42
197,emberisland77,emberisland77@opswise.net,2025-03-30 15:52:30
198,warmtrail50,warmtrail50@seeded.app,2025-01-07 03:41:25
199,harborwindow21,harborwindow21@seeded.app,2026-01-12 22:15:18
200,proudsignal44,proudsignal44@example.com,2025-05-13 05:30:48
201,amberfield76,amberfield76@relay.cloud,2026-01-01 01:46:06
202,proudharvest99,proudharvest99@seeded.app,2025-12-22 13:37:41
203,calmuplink72,calmuplink72@example.com,2025-11-30 20:49:08
204,silverengine28,silverengine28@relay.cloud,2025-05-21 07:02:42
205,warmjourney21,warmjourney21@seeded.app,2025-04-25 22:43:05
206,mellowbeacon89,mellowbeacon89@example.com,2024-08-19 17:03:19
207,keenquartz62,keenquartz62@seeded.app,2025-11-22 01:58:28
208,ivorydelta94,ivorydelta94@example.com,2025-07-30 20:44:37
209,calmfield42,calmfield42@example.com,2025-01-28 02:43:28
210,goldpioneer55,goldpioneer55@hackstack.io,2024-11-28 10:57:27
211,briskyard49,briskyard49@opswise.net,2025-01-05 14:42:24
212,silverbeacon20,silverbeacon20@opswise.net,2025-12-13 19:13:43
213,opalkernel27,opalkernel27@acme.dev,2024-10-15 17:33:26
214,goldnetwork56,goldnetwork56@opswise.net,2024-10-09 20:42:04
215,urbanriver63,urbanriver63@example.com,2025-10-09 00:05:35
216,vividuplink26,vividuplink26@example.com,2024-01-08 19:18:20
217,vividyard11,vividyard11@relay.cloud,2024-07-03 15:01:57
218,quietzenith49,quietzenith49@relay.cloud,2025-11-03 09:59:08
219,livelyzenith31,livelyzenith31@hackstack.io,2024-06-13 19:28:07
220,dawnbeacon19,dawnbeacon19@seeded.app,2025-11-05 20:29:35
221,rapidkernel78,rapidkernel78@hackstack.io,2024-05-16 23:25:31
222,navykernel55,navykernel55@opswise.net,2026-01-29 09:38:01
223,goldgarden48,goldgarden48@opswise.net,2025-01-14 08:47:13
224,navytrail92,navytrail92@acme.dev,2025-06-04 14:12:50
225,youngcanyon05,youngcanyon05@relay.cloud,2024-04-10 05:36:50
226,quietsignal34,quietsignal34@relay.cloud,2026-01-07 02:28:14
227,warmquartz32,warmquartz32@relay.cloud,2024-10-05 17:18:38
228,warmdelta28,warmdelta28@hackstack.io,2025-02-26 05:32:07
229,harborzenith71,harborzenith71@seeded.app,2025-01-28 09:57:16
230,rapidfield67,rapidfield67@seeded.app,2024-11-30 14:57:20
231,urbanpioneer34,urbanpioneer34@hackstack.io,2025-06-19 05:37:01
232,livelylagoon71,livelylagoon71@hackstack.io,2024-08-08 09:25:40
233,urbanlagoon85,urbanlagoon85@relay.cloud,2025-08-27 05:30:34
234,calmcanyon66,calmcanyon66@acme.dev,2024-04-27 20:02:17
235,quietgarden34,quietgarden34@hackstack.io,2025-06-22 15:44:22
236,warmfield66,warmfield66@opswise.net,2025-11-10 02:50:04
237,forestgarden60,forestgarden60@opswise.net,2025-04-09 02:53:59
238,emberzenith94,emberzenith94@relay.cloud,2024-01-14 18:56:49
239,keenpioneer01,keenpioneer01@example.com,2024-09-04 23:11:16
240,tidywindow26,tidywindow26@relay.cloud,2024-01-17 06:37:09
241,opalgarden81,opalgarden81@hackstack.io,2025-03-26 19:33:30
242,livelyriver82,livelyriver82@seeded.app,2025-12-03 02:30:41
243,tidyuplink20,tidyuplink20@seeded.app,2025-05-05 23:57:02
244,quietmeadow46,quietmeadow46@acme.dev,2024-06-11 13:16:00
245,opalpioneer12,opalpioneer12@example.com,2024-11-30 09:12:14
246,cobaltyard25,cobaltyard25@opswise.net,2024-05-23 20:09:35
247,quietvalley53,quietvalley53@opswise.net,2024-12-14 04:43:45
248,amberfield02,amberfield02@relay.cloud,2024-08-22 22:24:48
249,clearisland58,clearisland58@acme.dev,2024-04-03 04:24:15
250,calmanchor76,calmanchor76@relay.cloud,2025-09-09 19:49:51
251,silverharvest83,silverharvest83@example.com,2025-08-15 17:31:57
252,vividriver91,vividriver91@hackstack.io,2024-01-10 07:13:59
253,warmisland14,warmisland14@seeded.app,2024-05-07 21:40:14
254,proudquartz27,proudquartz27@seeded.app,2025-09-19 20:38:44
255,vividwindow62,vividwindow62@opswise.net,2024-05-01 16:49:31
256,navysignal53,navysignal53@acme.dev,2025-12-27 20:15:07
257,clearwindow28,clearwindow28@opswise.net,2025-07-10 07:34:33
258,keenzenith90,keenzenith90@hackstack.io,2025-02-05 01:52:04
259,cobaltpioneer43,cobaltpioneer43@relay.cloud,2025-07-07 13:04:23
260,vividcanyon14,vividcanyon14@acme.dev,2025-08-23 16:13:44
261,calmengine49,calmengine49@seeded.app,2025-09-06 16:13:47
262,goldvalley86,goldvalley86@relay.cloud,2024-07-05 05:50:56
263,embertrail15,embertrail15@relay.cloud,2024-03-17 10:54:26
264,tidykernel81,tidykernel81@hackstack.io,2025-12-27 07:54:13
265,rapidyard63,rapidyard63@relay.cloud,2024-06-03 22:28:05
266,urbanjourney75,urbanjourney75@acme.dev,2025-10-10 14:15:23
267,clearquartz03,clearquartz03@opswise.net,2024-07-26 09:22:41
268,emberquartz89,emberquartz89@acme.dev,2025-12-24 13:38:29
269,harborriver72,harborriver72@hackstack.io,2024-12-01 09:59:45
270,opalriver80,opalriver80@relay.cloud,2024-01-14 20:55:43
271,cobaltuplink07,cobaltuplink07@relay.cloud,2024-11-18 00:57:44
272,forestcanyon09,forestcanyon09@acme.dev,2025-09-10 21:16:05
273,youngnetwork50,youngnetwork50@hackstack.io,2025-04-24 12:46:53
274,harboruplink89,harboruplink89@example.com,2025-07-15 09:49:38
275,amberyard20,amberyard20@relay.cloud,2025-01-25 14:10:28
276,briskkernel78,briskkernel78@seeded.app,2025-06-21 03:15:02
277,tidycanyon03,tidycanyon03@relay.cloud,2024-01-24 01:20:44
278,navyuplink34,navyuplink34@hackstack.io,2025-08-05 09:19:19
279,jadeyard41,jadeyard41@example.com,2025-05-02 13:21:45
280,mellowzenith13,mellowzenith13@opswise.net,2025-09-27 08:45:23
281,keencanyon61,keencanyon61@relay.cloud,2024-04-25 21:51:13
282,livelyengine91,livelyengine91@relay.cloud,2024-12-02 02:26:36
283,forestquartz10,forestquartz10@relay.cloud,2025-11-09 19:20:08
284,emberlagoon18,emberlagoon18@example.com,2025-05-30 02:01:56
285,silverwindow91,silverwindow91@opswise.net,2024-02-06 04:33:50
286,emberriver92,emberriver92@acme.dev,2025-01-26 06:45:32
287,silveruplink00,silveruplink00@hackstack.io,2025-08-14 10:15:21
288,harbornetwork71,harbornetwork71@example.com,2025-08-04 08:54:28
289,calmlagoon36,calmlagoon36@opswise.net,2025-09-29 22:23:06
290,rapidlagoon20,rapidlagoon20@seeded.app,2025-12-17 01:19:57
291,brisksignal67,brisksignal67@example.com,2024-01-15 08:28:35
292,ambertrail60,ambertrail60@example.com,2026-01-25 12:43:04
293,goldyard08,goldyard08@acme.dev,2024-08-09 11:44:25
294,vividorbit80,vividorbit80@relay.cloud,2025-07-30 23:06:09
295,opaljourney97,opaljourney97@hackstack.io,2025-08-21 21:42:41
296,silvermeadow15,silvermeadow15@relay.cloud,2026-01-05 22:53:44
297,rapidlagoon24,rapidlagoon24@opswise.net,2024-01-24 01:00:36
298,rapidjourney54,rapidjourney54@hackstack.io,2025-08-24 12:35:13
299,keendelta62,keendelta62@seeded.app,2025-01-08 07:34:02
300,harborgarden41,harborgarden41@seeded.app,2025-06-08 22:53:21
301,younguplink15,younguplink15@opswise.net,2025-09-25 12:50:59
302,ivoryyard30,ivoryyard30@hackstack.io,2024-07-24 15:22:32
303,silverpioneer66,silverpioneer66@hackstack.io,2024-09-20 07:58:43
304,calmmeadow87,calmmeadow87@opswise.net,2026-01-02 06:34:59
305,goldsignal99,goldsignal99@relay.cloud,2024-09-22 12:57:06
306,urbangarden14,urbangarden14@acme.dev,2024-09-05 09:06:42
307,amberwindow10,amberwindow10@opswise.net,2025-09-08 21:20:01
308,navymeadow46,navymeadow46@example.com,2025-05-21 01:00:22
309,silvergarden77,silvergarden77@example.com,2025-03-05 18:57:12
310,ambersignal97,ambersignal97@opswise.net,2025-05-01 23:49:29
311,tidysignal50,tidysignal50@hackstack.io,2024-09-01 09:02:17
312,opaltrail59,opaltrail59@seeded.app,2026-01-16 22:14:34
313,ivorywindow76,ivorywindow76@seeded.app,2025-01-25 13:42:28
314,clearnetwork91,clearnetwork91@opswise.net,2025-09-25 02:02:44
315,ivoryengine12,ivoryengine12@opswise.net,2024-09-26 18:29:20
316,briskuplink21,briskuplink21@opswise.net,2024-05-03 05:13:39
317,silverquartz55,silverquartz55@relay.cloud,2025-02-12 18:38:23
318,mellowpioneer84,mellowpioneer84@example.com,2024-10-10 01:40:54
319,navytrail49,navytrail49@opswise.net,2024-01-01 13:26:51
320,quietmeadow47,quietmeadow47@acme.dev,2025-05-10 17:10:13
321,harborfield27,harborfield27@example.com,2025-10-02 01:11:34
322,livelylagoon32,livelylagoon32@seeded.app,2025-01-30 15:11:56
323,briskisland40,briskisland40@opswise.net,2025-04-30 19:04:10
324,youngriver48,youngriver48@hackstack.io,2025-06-01 20:21:58
325,tidymeadow23,tidymeadow23@seeded.app,2024-11-10 20:47:46
326,goldkernel77,goldkernel77@opswise.net,2024-05-17 15:47:47
327,goldjourney47,goldjourney47@seeded.app,2024-12-04 17:18:50
328,emberjourney96,emberjourney96@acme.dev,2025-03-28 21:06:06
329,ambersignal33,ambersignal33@hackstack.io,2024-05-03 07:00:56
330,opalnetwork11,opalnetwork11@acme.dev,2025-12-09 11:40:12
331,younguplink60,younguplink60@hackstack.io,2025-11-01 07:22:36
332,briskwindow81,briskwindow81@acme.dev,2025-11-18 20:11:26
333,rapidsignal06,rapidsignal06@example.com,2024-10-19 15:55:07
334,goldnetwork51,goldnetwork51@hackstack.io,2024-06-14 04:35:21
335,calmisland61,calmisland61@acme.dev,2025-10-27 05:02:00
336,youngdelta83,youngdelta83@acme.dev,2025-07-30 04:54:36
337,forestfield17,forestfield17@hackstack.io,2024-12-20 10:30:25
338,rapidengine94,rapidengine94@opswise.net,2024-08-24 07:30:31
339,vividbeacon91,vividbeacon91@relay.cloud,2024-11-15 22:45:12
340,silverisland82,silverisland82@seeded.app,2025-08-21 09:41:25
341,forestyard82,forestyard82@relay.cloud,2025-05-01 12:30:50
342,dawnmeadow19,dawnmeadow19@opswise.net,2024-03-12 22:32:54
343,dawnfield94,dawnfield94@acme.dev,2024-06-29 02:31:06
344,ivoryquartz63,ivoryquartz63@acme.dev,2024-02-29 23:02:31
345,rapidorbit76,rapidorbit76@acme.dev,2025-04-26 21:05:21
346,calmnetwork39,calmnetwork39@opswise.net,2024-12-07 00:31:51
347,vividriver20,vividriver20@opswise.net,2024-05-23 03:41:06
348,jadecanyon23,jadecanyon23@acme.dev,2024-04-13 21:15:04
349,mellowanchor48,mellowanchor48@opswise.net,2024-07-29 07:44:02
350,keenwindow38,keenwindow38@seeded.app,2024-06-19 10:55:18
351,silversignal67,silversignal67@example.com,2025-01-10 06:47:41
352,ivoryharvest79,ivoryharvest79@acme.dev,2025-01-16 11:27:00
353,briskcanyon83,briskcanyon83@seeded.app,2024-07-20 02:19:15
354,clearcanyon30,clearcanyon30@seeded.app,2025-05-29 13:52:52
355,dawnjourney24,dawnjourney24@opswise.net,2025-08-26 12:54:26
356,rapidlagoon88,rapidlagoon88@opswise.net,2024-09-02 12:51:26
357,calmanchor78,calmanchor78@seeded.app,2025-12-08 16:31:28
358,keenzenith35,keenzenith35@opswise.net,2024-04-08 23:34:47
359,vividuplink32,vividuplink32@opswise.net,2025-03-14 02:45:39
360,urbanorbit92,urbanorbit92@seeded.app,2024-06-20 09:07:16
361,livelyisland16,livelyisland16@relay.cloud,2024-04-08 06:11:46
362,amberlagoon86,amberlagoon86@example.com,2024-12-11 15:11:55
363,livelybeacon11,livelybeacon11@hackstack.io,2025-10-14 01:01:15
364,vividyard95,vividyard95@example.com,2024-03-04 03:33:40
365,silveranchor45,silveranchor45@opswise.net,2024-05-10 10:44:33
366,mellowcanyon08,mellowcanyon08@opswise.net,2024-10-27 22:29:45
367,calmvalley69,calmvalley69@opswise.net,2025-06-11 05:05:55
368,warmtrail47,warmtrail47@seeded.app,2024-07-21 09:21:07
369,opalbeacon63,opalbeacon63@seeded.app,2024-07-30 08:40:21
370,rapidanchor98,rapidanchor98@relay.cloud,2024-11-05 22:02:36
371,tidywindow02,tidywindow02@seeded.app,2026-01-28 05:52:38
372,emberquartz72,emberquartz72@relay.cloud,2025-08-26 22:47:44
373,mellowyard60,mellowyard60@opswise.net,2024-11-30 21:29:09
374,warmisland37,warmisland37@opswise.net,2024-11-02 11:02:22
375,vividriver40,vividriver40@seeded.app,2025-06-04 11:07:03
376,dawnquartz99,dawnquartz99@hackstack.io,2024-02-17 03:35:32
377,harbordelta95,harbordelta95@opswise.net,2025-04-22 15:10:26
378,calmharvest02,calmharvest02@example.com,2025-08-21 00:32:32
379,dawnorbit23,dawnorbit23@acme.dev,2024-08-26 01:54:17
380,rapiddelta60,rapiddelta60@example.com,2024-02-09 01:55:12
381,urbanengine80,urbanengine80@relay.cloud,2024-11-14 11:36:56
382,ivoryjourney96,ivoryjourney96@acme.dev,2025-01-15 18:29:36
383,navyisland25,navyisland25@acme.dev,2025-11-25 09:39:22
384,amberpioneer60,amberpioneer60@seeded.app,2024-10-12 00:11:38
385,proudcanyon91,proudcanyon91@relay.cloud,2024-05-27 08:52:46
386,navyfield13,navyfield13@opswise.net,2024-12-09 20:21:59
387,cobaltjourney27,cobaltjourney27@seeded.app,2024-05-01 13:28:00
388,ivorygarden77,ivorygarden77@seeded.app,2025-02-04 20:12:57
389,navydelta85,navydelta85@opswise.net,2024-05-05 13:35:25
390,ivoryquartz76,ivoryquartz76@opswise.net,2024-12-26 10:00:25
391,rapidnetwork50,rapidnetwork50@hackstack.io,2025-01-19 08:10:04
392,navysignal26,navysignal26@seeded.app,2025-11-21 12:18:34
393,livelyzenith68,livelyzenith68@example.com,2026-01-07 03:13:15
394,cobaltmeadow93,cobaltmeadow93@hackstack.io,2024-01-31 21:37:16
395,tidyanchor28,tidyanchor28@hackstack.io,2025-05-31 12:17:27
396,ambertrail34,ambertrail34@acme.dev,2025-01-03 16:16:38
397,youngkernel05,youngkernel05@relay.cloud,2024-10-23 11:58:07
398,youngtrail95,youngtrail95@relay.cloud,2026-01-15 02:54:08
399,navyriver98,navyriver98@example.com,2024-01-31 20:40:01
400,livelyfield35,livelyfield35@hackstack.io,2025-03-31 22:48:29
